,SOC Code,pred,pred_prob,SOC Official STEM,pred_low_threshold
0,11-1011,0.0,0.23695684601102057,0.0,False
1,11-1021,0.0,0.11013575704886766,0.0,False
2,11-2011,0.0,0.12938589308642856,0.0,False
3,11-2021,0.0,0.17987732626177197,0.0,False
4,11-2022,0.0,0.11670087670969274,0.0,False
5,11-2031,0.0,0.11164305524795042,0.0,False
6,11-3011,0.0,0.10749207293522321,0.0,False
7,11-3021,1.0,0.5571427046966709,1.0,True
8,11-3031,0.0,0.16108737046031277,0.0,False
9,11-3051,1.0,0.42083416724315564,0.0,False
10,11-3061,0.0,0.15477534454690506,0.0,False
11,11-3071,0.0,0.10958380637241513,0.0,False
12,11-3111,0.0,0.15614557661049694,0.0,False
13,11-3121,0.0,0.12084891058863316,0.0,False
14,11-3131,0.0,0.21319680425952803,0.0,False
15,11-9013,0.0,0.2498473042333805,0.0,False
16,11-9021,0.0,0.27045578228338635,0.0,False
17,11-9031,0.0,0.11229622200211895,0.0,False
18,11-9032,0.0,0.18800769039272514,0.0,False
19,11-9033,0.0,0.15161042923427193,0.0,False
20,11-9039,0.0,0.20221705868994005,0.0,False
21,11-9041,1.0,0.6125819342120753,1.0,True
22,11-9041,1.0,0.6125819342120753,1.0,True
23,11-9051,0.0,0.08079732251645703,0.0,False
24,11-9061,0.0,0.09784571007610325,0.0,False
25,11-9071,0.0,0.1208134275920577,0.0,False
26,11-9081,0.0,0.0891450296385331,0.0,False
27,11-9111,0.0,0.2954258024321577,1.0,False
28,11-9121,0.0,0.5401078023378744,1.0,True
29,11-9121,0.0,0.5401078023378744,1.0,True
30,11-9121,0.0,0.5401078023378744,1.0,True
31,11-9131,0.0,0.08155695643983848,0.0,False
32,11-9141,0.0,0.0772180692637002,0.0,False
33,11-9151,0.0,0.259172250799497,0.0,False
34,11-9161,0.0,0.2298621008959894,0.0,False
35,11-9199,0.0,0.23066792701571895,0.0,False
36,13-1011,0.0,0.051690343902891185,0.0,False
37,13-1021,0.0,0.132510413025641,0.0,False
38,13-1022,0.0,0.15603261385785236,0.0,False
39,13-1023,0.0,0.13752284489518568,0.0,False
40,13-1031,0.0,0.17904422619473886,0.0,False
41,13-1032,0.0,0.13810785509254594,0.0,False
42,13-1041,0.0,0.317522662315591,0.0,False
43,13-1051,0.0,0.3279632518690801,0.0,False
44,13-1071,0.0,0.09897227502751611,0.0,False
45,13-1074,0.0,0.033463631876756356,0.0,False
46,13-1075,0.0,0.10266850725410637,0.0,False
47,13-1081,0.0,0.38232989507543846,0.0,False
48,13-1111,0.0,0.29534705576669146,0.0,False
49,13-1121,0.0,0.09167922618966366,0.0,False
50,13-1131,0.0,0.05984499309529624,0.0,False
51,13-1141,1.0,0.3216857407553269,0.0,False
52,13-1151,0.0,0.29919663672535013,0.0,False
53,13-1161,0.0,0.33243360687334655,0.0,False
54,13-1199,0.0,0.2628395261122014,0.0,False
55,13-2011,0.0,0.21156990780039425,0.0,False
56,13-2021,0.0,0.15370760976050318,0.0,False
57,13-2031,1.0,0.273873733909848,0.0,False
58,13-2041,1.0,0.24953347456660782,0.0,False
59,13-2051,1.0,0.39356205473184386,0.0,False
60,13-2052,0.0,0.19451244273625817,0.0,False
61,13-2053,0.0,0.1679411259648504,0.0,False
62,13-2061,0.0,0.26976966189179646,0.0,False
63,13-2071,0.0,0.19535857872060375,0.0,False
64,13-2072,0.0,0.10600133224263666,0.0,False
65,13-2081,0.0,0.11115475490730721,0.0,False
66,13-2082,0.0,0.1891373987719894,0.0,False
67,13-2099,0.0,0.32677571334352756,0.0,False
68,15-1111,1.0,0.9145902126726612,1.0,True
69,15-1121,1.0,0.7345407267300957,1.0,True
70,15-1121,1.0,0.7345407267300957,1.0,True
71,15-1122,0.0,0.5634690572732375,1.0,True
72,15-1131,1.0,0.8597386495613643,1.0,True
73,15-1132,1.0,0.8811116645949196,1.0,True
74,15-1133,1.0,0.6808835330512458,1.0,True
75,15-1134,1.0,0.7202111082516542,1.0,True
76,15-1141,1.0,0.7552968668533978,1.0,True
77,15-1142,1.0,0.809796313175398,1.0,True
78,15-1143,0.0,0.6172383762697753,1.0,True
79,15-1143,0.0,0.6172383762697753,1.0,True
80,15-1151,1.0,0.567931033100546,1.0,True
81,15-1152,0.0,0.5252588900260576,1.0,True
82,15-1199,0.0,0.6192081446270488,1.0,True
83,15-1199,0.0,0.6192081446270488,1.0,True
84,15-1199,0.0,0.6192081446270488,1.0,True
85,15-1199,0.0,0.6192081446270488,1.0,True
86,15-1199,0.0,0.6192081446270488,1.0,True
87,15-1199,0.0,0.6192081446270488,1.0,True
88,15-1199,0.0,0.6192081446270488,1.0,True
89,15-1199,0.0,0.6192081446270488,1.0,True
90,15-1199,0.0,0.6192081446270488,1.0,True
91,15-1199,0.0,0.6192081446270488,1.0,True
92,15-1199,0.0,0.6192081446270488,1.0,True
93,15-1199,0.0,0.6192081446270488,1.0,True
94,15-1199,0.0,0.6192081446270488,1.0,True
95,15-2011,1.0,0.5912568513200266,1.0,True
96,15-2021,1.0,0.8610121283120337,1.0,True
97,15-2031,1.0,0.8217938545617577,1.0,True
98,15-2041,1.0,0.8066495470162989,1.0,True
99,15-2041,1.0,0.8066495470162989,1.0,True
100,15-2041,1.0,0.8066495470162989,1.0,True
101,15-2091,1.0,0.9200799325846687,1.0,True
102,17-1011,0.0,0.4004711755493247,1.0,False
103,17-1012,0.0,0.32702175766917085,1.0,False
104,17-1021,0.0,0.38771012945756966,1.0,False
105,17-1022,0.0,0.4553934242166807,1.0,True
106,17-1022,0.0,0.4553934242166807,1.0,True
107,17-2011,1.0,0.8891994202956682,1.0,True
108,17-2021,1.0,0.7382996471928863,1.0,True
109,17-2031,1.0,0.9505920527313475,1.0,True
110,17-2041,1.0,0.9269411884963321,1.0,True
111,17-2051,1.0,0.5620667073297724,1.0,True
112,17-2051,1.0,0.5620667073297724,1.0,True
113,17-2061,1.0,0.8954108000475057,1.0,True
114,17-2071,1.0,0.7737489111951281,1.0,True
115,17-2072,1.0,0.771806261967947,1.0,True
116,17-2072,1.0,0.771806261967947,1.0,True
117,17-2081,1.0,0.6925750673010382,1.0,True
118,17-2081,1.0,0.6925750673010382,1.0,True
119,17-2111,1.0,0.6342740897551187,1.0,True
120,17-2111,1.0,0.6342740897551187,1.0,True
121,17-2111,1.0,0.6342740897551187,1.0,True
122,17-2111,1.0,0.6342740897551187,1.0,True
123,17-2112,1.0,0.6642401764677679,1.0,True
124,17-2112,1.0,0.6642401764677679,1.0,True
125,17-2121,0.0,0.7292848840830582,1.0,True
126,17-2121,0.0,0.7292848840830582,1.0,True
127,17-2121,0.0,0.7292848840830582,1.0,True
128,17-2131,1.0,0.8096617244627303,1.0,True
129,17-2141,1.0,0.8311580741187968,1.0,True
130,17-2141,1.0,0.8311580741187968,1.0,True
131,17-2141,1.0,0.8311580741187968,1.0,True
132,17-2151,1.0,0.769901733769347,1.0,True
133,17-2161,1.0,0.8455294691393009,1.0,True
134,17-2171,1.0,0.7151577834472599,1.0,True
135,17-2199,1.0,0.7776522222641211,1.0,True
136,17-2199,1.0,0.7776522222641211,1.0,True
137,17-2199,1.0,0.7776522222641211,1.0,True
138,17-2199,1.0,0.7776522222641211,1.0,True
139,17-2199,1.0,0.7776522222641211,1.0,True
140,17-2199,1.0,0.7776522222641211,1.0,True
141,17-2199,1.0,0.7776522222641211,1.0,True
142,17-2199,1.0,0.7776522222641211,1.0,True
143,17-2199,1.0,0.7776522222641211,1.0,True
144,17-2199,1.0,0.7776522222641211,1.0,True
145,17-2199,1.0,0.7776522222641211,1.0,True
146,17-2199,1.0,0.7776522222641211,1.0,True
147,17-3011,0.0,0.5295456991603508,1.0,True
148,17-3011,0.0,0.5295456991603508,1.0,True
149,17-3011,0.0,0.5295456991603508,1.0,True
150,17-3012,1.0,0.5523190053549283,1.0,True
151,17-3012,1.0,0.5523190053549283,1.0,True
152,17-3012,1.0,0.5523190053549283,1.0,True
153,17-3013,0.0,0.6379283243581612,1.0,True
154,17-3021,1.0,0.6156682977015088,1.0,True
155,17-3022,0.0,0.44971712501249267,1.0,True
156,17-3023,1.0,0.5872757362838001,1.0,True
157,17-3023,1.0,0.5872757362838001,1.0,True
158,17-3023,1.0,0.5872757362838001,1.0,True
159,17-3024,1.0,0.6868048411242931,1.0,True
160,17-3024,1.0,0.6868048411242931,1.0,True
161,17-3025,1.0,0.6029676542376329,1.0,True
162,17-3026,1.0,0.7236186591622654,1.0,True
163,17-3027,0.0,0.5621689037889936,1.0,True
164,17-3027,0.0,0.5621689037889936,1.0,True
165,17-3029,1.0,0.6297524685032847,1.0,True
166,17-3029,1.0,0.6297524685032847,1.0,True
167,17-3029,1.0,0.6297524685032847,1.0,True
168,17-3029,1.0,0.6297524685032847,1.0,True
169,17-3029,1.0,0.6297524685032847,1.0,True
170,17-3029,1.0,0.6297524685032847,1.0,True
171,17-3029,1.0,0.6297524685032847,1.0,True
172,17-3029,1.0,0.6297524685032847,1.0,True
173,17-3029,1.0,0.6297524685032847,1.0,True
174,17-3029,1.0,0.6297524685032847,1.0,True
175,17-3029,1.0,0.6297524685032847,1.0,True
176,17-3029,1.0,0.6297524685032847,1.0,True
177,17-3029,1.0,0.6297524685032847,1.0,True
178,17-3031,0.0,0.44838273537133294,1.0,True
179,17-3031,0.0,0.44838273537133294,1.0,True
180,17-3031,0.0,0.44838273537133294,1.0,True
181,19-1011,1.0,0.6629886812753725,1.0,True
182,19-1012,1.0,0.5803787725928558,1.0,True
183,19-1013,1.0,0.7241916430179997,1.0,True
184,19-1020,1.0,0.7414338422034387,0.0,True
185,19-1021,1.0,0.9515170730772983,1.0,True
186,19-1022,1.0,0.7924706530109822,1.0,True
187,19-1023,1.0,0.4944839737559651,1.0,True
188,19-1029,1.0,0.8584877152229241,1.0,True
189,19-1029,1.0,0.8584877152229241,1.0,True
190,19-1029,1.0,0.8584877152229241,1.0,True
191,19-1029,1.0,0.8584877152229241,1.0,True
192,19-1031,0.0,0.4133209398815088,1.0,False
193,19-1031,0.0,0.4133209398815088,1.0,False
194,19-1031,0.0,0.4133209398815088,1.0,False
195,19-1031,0.0,0.4133209398815088,1.0,False
196,19-1032,0.0,0.34644669381518856,1.0,False
197,19-1041,1.0,0.7451193824702756,1.0,True
198,19-1042,1.0,0.8059892750714789,1.0,True
199,19-2011,1.0,0.8739797368180826,1.0,True
200,19-2012,1.0,0.9545733337962058,1.0,True
201,19-2021,1.0,0.7322465355163366,1.0,True
202,19-2031,1.0,0.8276043040157353,1.0,True
203,19-2032,1.0,0.8160066599990551,1.0,True
204,19-2041,1.0,0.6223635717349989,1.0,True
205,19-2041,1.0,0.6223635717349989,1.0,True
206,19-2041,1.0,0.6223635717349989,1.0,True
207,19-2041,1.0,0.6223635717349989,1.0,True
208,19-2042,1.0,0.7741370347783934,1.0,True
209,19-2043,1.0,0.7827681364262783,1.0,True
210,19-2099,0.0,0.8177695798837502,1.0,True
211,19-2099,0.0,0.8177695798837502,1.0,True
212,19-3011,1.0,0.6593355643561023,1.0,True
213,19-3011,1.0,0.6593355643561023,1.0,True
214,19-3022,0.0,0.4302854737666775,1.0,True
215,19-3031,1.0,0.537817038565611,1.0,True
216,19-3031,1.0,0.537817038565611,1.0,True
217,19-3031,1.0,0.537817038565611,1.0,True
218,19-3031,1.0,0.537817038565611,1.0,True
219,19-3032,0.0,0.4901605978639181,1.0,True
220,19-3039,1.0,0.7296730827201936,1.0,True
221,19-3039,1.0,0.7296730827201936,1.0,True
222,19-3041,0.0,0.5552549477922972,1.0,True
223,19-3051,0.0,0.27188284916657335,1.0,False
224,19-3091,0.0,0.5567903320121048,1.0,True
225,19-3091,0.0,0.5567903320121048,1.0,True
226,19-3091,0.0,0.5567903320121048,1.0,True
227,19-3092,1.0,0.6613694005886023,1.0,True
228,19-3093,1.0,0.26445011285733244,0.0,False
229,19-3094,0.0,0.43446604345539147,1.0,True
230,19-3099,0.0,0.345141111336656,1.0,False
231,19-3099,0.0,0.345141111336656,1.0,False
232,19-4011,1.0,0.3576148656226877,1.0,False
233,19-4011,1.0,0.3576148656226877,1.0,False
234,19-4011,1.0,0.3576148656226877,1.0,False
235,19-4021,1.0,0.7915351534860148,1.0,True
236,19-4031,1.0,0.7073831975680496,1.0,True
237,19-4041,1.0,0.511807143849326,1.0,True
238,19-4041,1.0,0.511807143849326,1.0,True
239,19-4041,1.0,0.511807143849326,1.0,True
240,19-4051,1.0,0.5972290120878068,1.0,True
241,19-4051,1.0,0.5972290120878068,1.0,True
242,19-4051,1.0,0.5972290120878068,1.0,True
243,19-4061,0.0,0.3631121124013149,1.0,False
244,19-4061,0.0,0.3631121124013149,1.0,False
245,19-4091,1.0,0.4628511705857998,1.0,True
246,19-4092,1.0,0.6258015179514982,1.0,True
247,19-4093,1.0,0.29081997940269555,1.0,False
248,19-4099,1.0,0.5820368055899713,1.0,True
249,19-4099,1.0,0.5820368055899713,1.0,True
250,19-4099,1.0,0.5820368055899713,1.0,True
251,19-4099,1.0,0.5820368055899713,1.0,True
252,21-1011,1.0,0.3385819891366173,0.0,False
253,21-1012,1.0,0.31481107603696823,0.0,False
254,21-1013,1.0,0.5905724233258416,0.0,True
255,21-1014,1.0,0.5903481338534063,0.0,True
256,21-1015,1.0,0.2651013919560038,0.0,False
257,21-1021,1.0,0.32724790520083363,0.0,False
258,21-1022,1.0,0.36287485595855223,0.0,False
259,21-1023,1.0,0.498629540058823,0.0,True
260,21-1091,0.0,0.3103931122625868,0.0,False
261,21-1092,1.0,0.2639228835349655,0.0,False
262,21-1093,0.0,0.23075500571473545,0.0,False
263,21-1094,0.0,0.19476738550464992,0.0,False
264,21-2011,0.0,0.12093542797255502,0.0,False
265,21-2021,0.0,0.1482728239125642,0.0,False
266,23-1011,0.0,0.19825474885950659,0.0,False
267,23-1012,0.0,0.24255897638127236,0.0,False
268,23-1021,0.0,0.2663055405930488,0.0,False
269,23-1022,0.0,0.22250564045052268,0.0,False
270,23-1023,1.0,0.36125986636007734,0.0,False
271,23-2011,0.0,0.1574468229650677,0.0,False
272,23-2091,0.0,0.09458719201928174,0.0,False
273,23-2093,0.0,0.18920100350567573,0.0,False
274,25-1011,0.0,0.2822380165331229,0.0,False
275,25-1021,1.0,0.6710197482025172,1.0,True
276,25-1022,0.0,0.48685080252492946,1.0,True
277,25-1031,0.0,0.46006418945454475,1.0,True
278,25-1032,1.0,0.7945547904247633,1.0,True
279,25-1041,0.0,0.4569002869130057,1.0,True
280,25-1042,1.0,0.8115237812767393,1.0,True
281,25-1043,1.0,0.6252816412241964,1.0,True
282,25-1051,1.0,0.7760439447944506,1.0,True
283,25-1052,1.0,0.8050877686490457,1.0,True
284,25-1053,1.0,0.7173413170921498,1.0,True
285,25-1054,1.0,0.8611789534325232,1.0,True
286,25-1061,0.0,0.5182886047712151,1.0,True
287,25-1062,1.0,0.37804826290150473,1.0,False
288,25-1063,1.0,0.49607637492707857,1.0,True
289,25-1064,1.0,0.6549284351360809,1.0,True
290,25-1065,1.0,0.34329988431103997,1.0,False
291,25-1066,0.0,0.6280406978950585,1.0,True
292,25-1067,1.0,0.5842123774222887,1.0,True
293,25-1071,1.0,0.6301034004695392,1.0,True
294,25-1072,1.0,0.6263665952023949,1.0,True
295,25-1081,0.0,0.286106810620892,0.0,False
296,25-1082,1.0,0.4672560639403074,0.0,True
297,25-1111,0.0,0.31486956124453735,0.0,False
298,25-1112,1.0,0.3946675441084944,0.0,False
299,25-1113,1.0,0.5505845656078305,0.0,True
300,25-1121,0.0,0.19653542656786793,0.0,False
301,25-1122,0.0,0.26894350408701684,0.0,False
302,25-1123,0.0,0.24419906113114426,0.0,False
303,25-1124,0.0,0.29813015693198136,0.0,False
304,25-1125,0.0,0.3473280764953216,0.0,False
305,25-1126,0.0,0.32020551186437685,0.0,False
306,25-1191,1.0,0.44917305155117326,0.0,True
307,25-1192,1.0,0.3386212172372562,0.0,False
308,25-1193,1.0,0.4233428199076395,0.0,False
309,25-1194,1.0,0.30681693416429895,0.0,False
310,25-2011,0.0,0.12858618472971015,0.0,False
311,25-2012,0.0,0.2715425524202059,0.0,False
312,25-2021,0.0,0.39204931328226594,0.0,False
313,25-2022,0.0,0.338525084178291,0.0,False
314,25-2023,0.0,0.400242134917367,0.0,False
315,25-2031,1.0,0.4024912555151253,0.0,False
316,25-2032,0.0,0.2650427206042071,0.0,False
317,25-2051,0.0,0.38594472975276806,0.0,False
318,25-2052,0.0,0.2832613108139778,0.0,False
319,25-2053,0.0,0.37415176523278443,0.0,False
320,25-2054,0.0,0.3923867858301727,0.0,False
321,25-2059,0.0,0.3334186081293788,0.0,False
322,25-3011,0.0,0.25970029841721853,0.0,False
323,25-3021,0.0,0.16264040174871197,0.0,False
324,25-3099,0.0,0.333975196926263,0.0,False
325,25-4011,0.0,0.1522259559378812,0.0,False
326,25-4012,0.0,0.18232214809772446,0.0,False
327,25-4013,0.0,0.22596192149518318,0.0,False
328,25-4021,0.0,0.19507482049434643,0.0,False
329,25-4031,0.0,0.12516844733567023,0.0,False
330,25-9011,0.0,0.2946560840745744,0.0,False
331,25-9021,1.0,0.4124178496230461,0.0,False
332,25-9031,0.0,0.34648563510046904,0.0,False
333,25-9041,0.0,0.18135798230380498,0.0,False
334,27-1011,0.0,0.19141471021460815,0.0,False
335,27-1012,0.0,0.07447667736966078,0.0,False
336,27-1013,0.0,0.16811552460562956,0.0,False
337,27-1014,0.0,0.3069903907094485,0.0,False
338,27-1021,1.0,0.6559047884825989,0.0,True
339,27-1022,0.0,0.17294721600771548,0.0,False
340,27-1023,0.0,0.09552830646208184,0.0,False
341,27-1024,0.0,0.20160617797931651,0.0,False
342,27-1025,0.0,0.22161668299352053,0.0,False
343,27-1026,0.0,0.09687616675918553,0.0,False
344,27-1027,0.0,0.25770630718838317,0.0,False
345,27-2011,0.0,0.04628385570461536,0.0,False
346,27-2012,0.0,0.13315383366283973,0.0,False
347,27-2021,0.0,0.09197055135748136,0.0,False
348,27-2022,1.0,0.24332346173440514,0.0,False
349,27-2023,0.0,0.09146923966852123,0.0,False
350,27-2031,0.0,0.039559923836241136,0.0,False
351,27-2032,0.0,0.09521005685670934,0.0,False
352,27-2041,1.0,0.09964616056772291,0.0,False
353,27-2042,0.0,0.05668633844155361,0.0,False
354,27-3011,0.0,0.13034753695399928,0.0,False
355,27-3012,0.0,0.06407045221863317,0.0,False
356,27-3021,0.0,0.12968580278082428,0.0,False
357,27-3022,0.0,0.1318779623777319,0.0,False
358,27-3031,0.0,0.12658174238854963,0.0,False
359,27-3041,0.0,0.1511356066813722,0.0,False
360,27-3042,0.0,0.2983328906058317,0.0,False
361,27-3043,0.0,0.17586308864945205,0.0,False
362,27-3091,0.0,0.13998803658826806,0.0,False
363,27-4011,0.0,0.24816402562532355,0.0,False
364,27-4012,0.0,0.40115335327195617,0.0,False
365,27-4013,1.0,0.2747861788780224,0.0,False
366,27-4014,0.0,0.2791602494788984,0.0,False
367,27-4021,0.0,0.11996168780063801,0.0,False
368,27-4031,0.0,0.22436975009833482,0.0,False
369,27-4032,0.0,0.18624484024940474,0.0,False
370,29-1011,1.0,0.39841655047012003,1.0,False
371,29-1021,1.0,0.490704272840526,1.0,True
372,29-1022,1.0,0.5865960833844177,1.0,True
373,29-1023,0.0,0.46449424123190924,1.0,True
374,29-1024,1.0,0.45474576697992625,1.0,True
375,29-1031,1.0,0.5587906208836138,1.0,True
376,29-1041,1.0,0.5067782320807379,1.0,True
377,29-1051,1.0,0.6249509866064485,1.0,True
378,29-1061,1.0,0.7215851261649233,1.0,True
379,29-1062,1.0,0.767438995399401,1.0,True
380,29-1063,1.0,0.7424939525675777,1.0,True
381,29-1064,1.0,0.5690697654407114,1.0,True
382,29-1065,1.0,0.6878506715723594,1.0,True
383,29-1066,1.0,0.7880378427347348,1.0,True
384,29-1067,1.0,0.7281298397280758,1.0,True
385,29-1069,1.0,0.678542151208564,1.0,True
386,29-1069,1.0,0.678542151208564,1.0,True
387,29-1069,1.0,0.678542151208564,1.0,True
388,29-1069,1.0,0.678542151208564,1.0,True
389,29-1069,1.0,0.678542151208564,1.0,True
390,29-1069,1.0,0.678542151208564,1.0,True
391,29-1069,1.0,0.678542151208564,1.0,True
392,29-1069,1.0,0.678542151208564,1.0,True
393,29-1069,1.0,0.678542151208564,1.0,True
394,29-1069,1.0,0.678542151208564,1.0,True
395,29-1069,1.0,0.678542151208564,1.0,True
396,29-1069,1.0,0.678542151208564,1.0,True
397,29-1069,1.0,0.678542151208564,1.0,True
398,29-1071,1.0,0.6823098840440917,1.0,True
399,29-1071,1.0,0.6823098840440917,1.0,True
400,29-1081,1.0,0.564237505994454,1.0,True
401,29-1122,1.0,0.4183891340833186,1.0,False
402,29-1122,1.0,0.4183891340833186,1.0,False
403,29-1123,1.0,0.5833841398599066,1.0,True
404,29-1124,1.0,0.5748593255776953,1.0,True
405,29-1125,0.0,0.3188090567394682,1.0,False
406,29-1125,0.0,0.3188090567394682,1.0,False
407,29-1125,0.0,0.3188090567394682,1.0,False
408,29-1126,1.0,0.6764864170111853,1.0,True
409,29-1127,0.0,0.6070854035183697,1.0,True
410,29-1128,1.0,0.5329001081722679,1.0,True
411,29-1131,1.0,0.5100973595981905,1.0,True
412,29-1141,0.0,0.5584443817490236,1.0,True
413,29-1141,0.0,0.5584443817490236,1.0,True
414,29-1141,0.0,0.5584443817490236,1.0,True
415,29-1141,0.0,0.5584443817490236,1.0,True
416,29-1141,0.0,0.5584443817490236,1.0,True
417,29-1151,1.0,0.716526929113972,1.0,True
418,29-1161,1.0,0.6019629956992695,1.0,True
419,29-1171,1.0,0.7116647277048277,1.0,True
420,29-1181,0.0,0.5795742939310989,1.0,True
421,29-1199,1.0,0.5867739565138138,1.0,True
422,29-1199,1.0,0.5867739565138138,1.0,True
423,29-1199,1.0,0.5867739565138138,1.0,True
424,29-1199,1.0,0.5867739565138138,1.0,True
425,29-2011,1.0,0.5166727427186849,1.0,True
426,29-2011,1.0,0.5166727427186849,1.0,True
427,29-2011,1.0,0.5166727427186849,1.0,True
428,29-2011,1.0,0.5166727427186849,1.0,True
429,29-2012,1.0,0.6478318088062115,1.0,True
430,29-2021,1.0,0.35826048072981287,1.0,False
431,29-2031,0.0,0.5178085304341852,1.0,True
432,29-2032,1.0,0.47924433321797955,1.0,True
433,29-2033,1.0,0.5645969762024872,1.0,True
434,29-2034,0.0,0.3578488616257014,1.0,False
435,29-2035,0.0,0.4104150553846376,1.0,False
436,29-2041,0.0,0.38629968778249324,1.0,False
437,29-2051,0.0,0.17654472743466496,1.0,False
438,29-2052,0.0,0.20143317424553003,1.0,False
439,29-2053,0.0,0.3229261256093412,1.0,False
440,29-2054,1.0,0.6497620492730664,1.0,True
441,29-2055,0.0,0.37377860206367025,1.0,False
442,29-2056,0.0,0.3583316335370333,1.0,False
443,29-2057,0.0,0.31466745344296626,1.0,False
444,29-2061,0.0,0.3843045923920039,1.0,False
445,29-2071,0.0,0.15970725685971338,1.0,False
446,29-2081,0.0,0.12160836011037164,1.0,False
447,29-2091,1.0,0.557199070070957,1.0,True
448,29-2092,0.0,0.348864660596343,1.0,False
449,29-2099,0.0,0.408175183752938,1.0,False
450,29-2099,0.0,0.408175183752938,1.0,False
451,29-2099,0.0,0.408175183752938,1.0,False
452,29-2099,0.0,0.408175183752938,1.0,False
453,29-2099,0.0,0.408175183752938,1.0,False
454,29-9011,0.0,0.6131833713496226,1.0,True
455,29-9012,1.0,0.4874651773024753,1.0,True
456,29-9091,1.0,0.5029832313920874,1.0,True
457,29-9092,1.0,0.6516036892008829,1.0,True
458,29-9099,0.0,0.412228833517445,1.0,False
459,29-9099,0.0,0.412228833517445,1.0,False
460,31-1011,0.0,0.14189397153145333,0.0,False
461,31-1013,0.0,0.1685424983070511,0.0,False
462,31-1014,0.0,0.12495178530972476,0.0,False
463,31-1015,0.0,0.05784518199217153,0.0,False
464,31-2011,0.0,0.3262274439794952,0.0,False
465,31-2012,0.0,0.2265129131605135,0.0,False
466,31-2021,0.0,0.4097737347557693,0.0,False
467,31-2022,0.0,0.19690022608497754,0.0,False
468,31-9011,0.0,0.17782383436546592,0.0,False
469,31-9091,0.0,0.25691917352391674,0.0,False
470,31-9092,0.0,0.29278647812536923,0.0,False
471,31-9093,0.0,0.21286316187494003,0.0,False
472,31-9094,1.0,0.2742314430577009,0.0,False
473,31-9095,0.0,0.11599056885843165,0.0,False
474,31-9096,0.0,0.2295190216191868,0.0,False
475,31-9097,0.0,0.23191397433984406,0.0,False
476,31-9099,0.0,0.25242165662099425,0.0,False
477,33-1011,0.0,0.1336798925070197,0.0,False
478,33-1012,0.0,0.16530385305611064,0.0,False
479,33-1021,0.0,0.2727887740173915,0.0,False
480,33-2011,1.0,0.24405871488938002,0.0,False
481,33-2021,0.0,0.30773610812276014,0.0,False
482,33-2022,1.0,0.1675501449288323,0.0,False
483,33-3011,0.0,0.0442869301007383,0.0,False
484,33-3012,0.0,0.13200110498566447,0.0,False
485,33-3021,0.0,0.28576355698335115,0.0,False
486,33-3031,0.0,0.329462033331669,0.0,False
487,33-3041,0.0,0.09223599245767378,0.0,False
488,33-3051,0.0,0.13028523768978845,0.0,False
489,33-3052,0.0,0.1363398549154322,0.0,False
490,33-9011,0.0,0.08953791778470596,0.0,False
491,33-9021,0.0,0.1516319742679319,0.0,False
492,33-9031,0.0,0.21392504658766165,0.0,False
493,33-9032,0.0,0.08162413407173225,0.0,False
494,33-9091,0.0,0.04072407028476219,0.0,False
495,33-9092,0.0,0.11345759493099764,0.0,False
496,33-9093,0.0,0.10807265695201992,0.0,False
497,33-9099,0.0,0.17333267943551214,0.0,False
498,35-1011,0.0,0.09425750328039852,0.0,False
499,35-1012,0.0,0.07860302864747952,0.0,False
500,35-2011,0.0,0.023796736091124423,0.0,False
501,35-2012,0.0,0.08857927368385085,0.0,False
502,35-2013,0.0,0.058952956596064025,0.0,False
503,35-2014,0.0,0.07391520973041185,0.0,False
504,35-2015,0.0,0.053869269395498305,0.0,False
505,35-2021,0.0,0.03923736771660473,0.0,False
506,35-3011,0.0,0.056647978597226235,0.0,False
507,35-3021,0.0,0.029299708516911438,0.0,False
508,35-3022,0.0,0.04190073594865946,0.0,False
509,35-3031,0.0,0.041480790517471146,0.0,False
510,35-3041,0.0,0.043727884287094926,0.0,False
511,35-9011,0.0,0.03496431853222917,0.0,False
512,35-9021,0.0,0.058419565400643185,0.0,False
513,35-9031,0.0,0.045705159164232276,0.0,False
514,37-1011,0.0,0.05389769303951004,0.0,False
515,37-1012,0.0,0.09230131533468403,0.0,False
516,37-2011,0.0,0.04181556375057734,0.0,False
517,37-2012,0.0,0.032553985518052296,0.0,False
518,37-2021,1.0,0.16275172935043858,0.0,False
519,37-3011,0.0,0.07068476762836087,0.0,False
520,37-3012,0.0,0.07935949111869281,0.0,False
521,37-3013,0.0,0.07922345236763238,0.0,False
522,39-1011,0.0,0.05672630039795953,0.0,False
523,39-1012,0.0,0.06827549785807883,0.0,False
524,39-1021,0.0,0.10201882766116507,0.0,False
525,39-2011,0.0,0.11482910517605152,0.0,False
526,39-2021,0.0,0.09499357016476774,0.0,False
527,39-3011,0.0,0.0299557656042925,0.0,False
528,39-3012,0.0,0.053746498848022954,0.0,False
529,39-3021,0.0,0.08887764553637156,0.0,False
530,39-3031,0.0,0.04373394061385999,0.0,False
531,39-3091,0.0,0.031021545031082738,0.0,False
532,39-3092,0.0,0.08949256355646974,0.0,False
533,39-3093,0.0,0.027418645920232996,0.0,False
534,39-4011,0.0,0.1820831109873305,0.0,False
535,39-4021,0.0,0.046141754247338615,0.0,False
536,39-4031,0.0,0.13844964608828764,0.0,False
537,39-5011,0.0,0.041728564829377646,0.0,False
538,39-5012,0.0,0.1370555407863267,0.0,False
539,39-5091,0.0,0.1421613879043256,0.0,False
540,39-5092,0.0,0.05335469842566053,0.0,False
541,39-5093,0.0,0.04147573488461096,0.0,False
542,39-5094,0.0,0.09597424420023695,0.0,False
543,39-6011,0.0,0.0390374953842542,0.0,False
544,39-6012,0.0,0.04560246301024649,0.0,False
545,39-7011,0.0,0.048472443400556335,0.0,False
546,39-7012,0.0,0.04287612322224869,0.0,False
547,39-9011,0.0,0.13447629163606073,0.0,False
548,39-9021,0.0,0.10144790161529912,0.0,False
549,39-9031,0.0,0.2395148012056862,0.0,False
550,39-9032,0.0,0.1389645405413949,0.0,False
551,39-9041,0.0,0.11426154916938731,0.0,False
552,41-1011,0.0,0.0596180027692996,0.0,False
553,41-1012,0.0,0.11269104777300326,0.0,False
554,41-2011,0.0,0.034348523995407124,0.0,False
555,41-2012,0.0,0.0821474671797989,0.0,False
556,41-2021,0.0,0.051339405137508884,0.0,False
557,41-2022,0.0,0.06612943277158669,0.0,False
558,41-2031,0.0,0.07056406397103192,0.0,False
559,41-3011,0.0,0.07000256716843471,0.0,False
560,41-3021,0.0,0.09280210477521311,0.0,False
561,41-3031,0.0,0.19300845347430162,0.0,False
562,41-3041,0.0,0.09320027581765218,0.0,False
563,41-3099,0.0,0.2634907900908372,0.0,False
564,41-4011,0.0,0.18986910981759836,1.0,False
565,41-4011,0.0,0.18986910981759836,1.0,False
566,41-4012,0.0,0.10466694775061673,0.0,False
567,41-9011,0.0,0.06464739399947175,0.0,False
568,41-9012,0.0,0.043169692661569,0.0,False
569,41-9021,0.0,0.09701190183660996,0.0,False
570,41-9022,0.0,0.08104047399304269,0.0,False
571,41-9031,1.0,0.49876700994932904,1.0,True
572,41-9041,0.0,0.06636392706006812,0.0,False
573,41-9091,0.0,0.030700349101726414,0.0,False
574,43-1011,0.0,0.1369157265962175,0.0,False
575,43-2011,0.0,0.07809699112013024,0.0,False
576,43-2021,1.0,0.10743480365317692,0.0,False
577,43-3011,0.0,0.0805818962448935,0.0,False
578,43-3021,0.0,0.10417301456491136,0.0,False
579,43-3031,0.0,0.11211267817014589,0.0,False
580,43-3041,0.0,0.05848029802614003,0.0,False
581,43-3051,0.0,0.12369824943509408,0.0,False
582,43-3061,0.0,0.10222773019426545,0.0,False
583,43-3071,0.0,0.08836450762521061,0.0,False
584,43-4011,0.0,0.12890734456076058,0.0,False
585,43-4021,0.0,0.11359464566666709,0.0,False
586,43-4031,0.0,0.08029667180271219,0.0,False
587,43-4041,1.0,0.09280481235015514,0.0,False
588,43-4051,0.0,0.16469283639261692,0.0,False
589,43-4061,0.0,0.11255136083274159,0.0,False
590,43-4071,0.0,0.10350099669965643,0.0,False
591,43-4081,0.0,0.09586267762078603,0.0,False
592,43-4111,0.0,0.12416299343037038,0.0,False
593,43-4121,0.0,0.12347362878007301,0.0,False
594,43-4131,0.0,0.18727093095069466,0.0,False
595,43-4141,0.0,0.0646588982219803,0.0,False
596,43-4151,0.0,0.08799684537731936,0.0,False
597,43-4161,0.0,0.10099053586947411,0.0,False
598,43-4171,0.0,0.09867556977342352,0.0,False
599,43-4181,0.0,0.12750579732614428,0.0,False
600,43-5011,0.0,0.08277358249227898,0.0,False
601,43-5021,0.0,0.05544905120743282,0.0,False
602,43-5031,0.0,0.2557138997229321,0.0,False
603,43-5032,0.0,0.1003889022855028,0.0,False
604,43-5041,0.0,0.11199235377616594,0.0,False
605,43-5051,0.0,0.06706678374817888,0.0,False
606,43-5052,0.0,0.01964942065356902,0.0,False
607,43-5053,0.0,0.08584510231633562,0.0,False
608,43-5061,0.0,0.15589378086981878,0.0,False
609,43-5071,0.0,0.06975587306893799,0.0,False
610,43-5081,0.0,0.0493005482072212,0.0,False
611,43-5111,0.0,0.1485673513682456,0.0,False
612,43-6011,0.0,0.13527455162178698,0.0,False
613,43-6012,0.0,0.10049313594349593,0.0,False
614,43-6013,0.0,0.10213476076859807,0.0,False
615,43-6014,0.0,0.10325663596697503,0.0,False
616,43-9011,1.0,0.35757157120709737,0.0,False
617,43-9021,0.0,0.08546935902367882,0.0,False
618,43-9022,0.0,0.09521887217680766,0.0,False
619,43-9031,0.0,0.2830632799866762,0.0,False
620,43-9041,0.0,0.12275133434274876,0.0,False
621,43-9051,0.0,0.05798924498279107,0.0,False
622,43-9061,0.0,0.0759256608181242,0.0,False
623,43-9071,0.0,0.10262262401910553,0.0,False
624,43-9081,0.0,0.14688581939300632,0.0,False
625,43-9111,1.0,0.730428923462388,0.0,True
626,45-1011,1.0,0.22547500019369465,0.0,False
627,45-2011,0.0,0.23025522889445996,0.0,False
628,45-2021,0.0,0.13529456677132554,0.0,False
629,45-2041,0.0,0.04055656012005612,0.0,False
630,45-2091,0.0,0.10147493863412059,0.0,False
631,45-2092,0.0,0.06210769267303494,0.0,False
632,45-2093,0.0,0.10678785011505099,0.0,False
633,45-3011,0.0,0.10171750942070343,0.0,False
634,45-3021,0.0,0.08840653029116353,0.0,False
635,45-4011,0.0,0.14420004092864366,0.0,False
636,45-4021,1.0,0.0731159620973617,0.0,False
637,45-4022,0.0,0.08400782011598663,0.0,False
638,45-4023,0.0,0.09615124418204919,0.0,False
639,47-1011,0.0,0.1832743468838692,0.0,False
640,47-2011,0.0,0.19192650569338762,0.0,False
641,47-2021,0.0,0.09170826756114321,0.0,False
642,47-2022,0.0,0.09727819329705786,0.0,False
643,47-2031,0.0,0.07677492990204032,0.0,False
644,47-2041,0.0,0.05204676092510986,0.0,False
645,47-2042,0.0,0.05646221994489803,0.0,False
646,47-2043,0.0,0.027324781221487453,0.0,False
647,47-2044,0.0,0.08193791946346045,0.0,False
648,47-2051,0.0,0.054874683459782754,0.0,False
649,47-2053,0.0,0.054638121987936834,0.0,False
650,47-2061,0.0,0.05804422402991133,0.0,False
651,47-2071,0.0,0.06435031043912975,0.0,False
652,47-2072,0.0,0.09823488307776908,0.0,False
653,47-2073,0.0,0.08887853982874874,0.0,False
654,47-2081,0.0,0.05762607730341169,0.0,False
655,47-2082,0.0,0.041713237784159606,0.0,False
656,47-2111,0.0,0.2161350650019139,0.0,False
657,47-2121,0.0,0.049977318627191736,0.0,False
658,47-2131,0.0,0.052200952590406226,0.0,False
659,47-2132,0.0,0.061442485145469426,0.0,False
660,47-2141,0.0,0.04685064941704451,0.0,False
661,47-2142,0.0,0.04045599854210512,0.0,False
662,47-2151,0.0,0.08390535945678587,0.0,False
663,47-2152,0.0,0.15105837104684508,0.0,False
664,47-2161,0.0,0.0472982639597631,0.0,False
665,47-2171,0.0,0.06503826460228068,0.0,False
666,47-2181,0.0,0.051196106114915686,0.0,False
667,47-2211,0.0,0.11553985785297155,0.0,False
668,47-2221,0.0,0.08929026652528128,0.0,False
669,47-2231,0.0,0.14435370520288915,0.0,False
670,47-3011,0.0,0.09743300311217691,0.0,False
671,47-3012,0.0,0.07481891981966698,0.0,False
672,47-3013,0.0,0.07552356696050633,0.0,False
673,47-3014,0.0,0.04941969400546909,0.0,False
674,47-3015,0.0,0.04460525902087109,0.0,False
675,47-3016,0.0,0.07971239192343052,0.0,False
676,47-4011,0.0,0.2776068925857146,0.0,False
677,47-4021,0.0,0.2962116187963009,0.0,False
678,47-4031,0.0,0.03178165991109917,0.0,False
679,47-4041,0.0,0.1374299022046397,0.0,False
680,47-4051,0.0,0.052403144489157394,0.0,False
681,47-4061,0.0,0.1018586267684795,0.0,False
682,47-4071,0.0,0.09346655319566428,0.0,False
683,47-4091,0.0,0.07343113468591664,0.0,False
684,47-4099,0.0,0.13521232779436793,0.0,False
685,47-5011,0.0,0.11962583577776939,0.0,False
686,47-5012,0.0,0.11993727869511449,0.0,False
687,47-5013,0.0,0.11214845330702732,0.0,False
688,47-5021,0.0,0.1109804632486998,0.0,False
689,47-5031,0.0,0.13199221383561363,0.0,False
690,47-5041,0.0,0.12636427536439956,0.0,False
691,47-5042,0.0,0.14285352702229553,0.0,False
692,47-5051,0.0,0.0722527433952885,0.0,False
693,47-5061,0.0,0.1128239524442503,0.0,False
694,47-5071,0.0,0.09251709048241057,0.0,False
695,47-5081,0.0,0.091067050059291,0.0,False
696,49-1011,0.0,0.2229704136115941,0.0,False
697,49-2011,1.0,0.4011833459300013,0.0,False
698,49-2021,0.0,0.23752322893756495,0.0,False
699,49-2022,0.0,0.32793642729814293,0.0,False
700,49-2091,1.0,0.5010547023264867,0.0,True
701,49-2092,0.0,0.2754487128624025,0.0,False
702,49-2093,1.0,0.3068591724045603,0.0,False
703,49-2094,1.0,0.6328713026419397,0.0,True
704,49-2095,1.0,0.5639510442043033,0.0,True
705,49-2096,0.0,0.2858979930145031,0.0,False
706,49-2097,1.0,0.38949627197650366,0.0,False
707,49-2098,0.0,0.19943141321353822,0.0,False
708,49-3011,0.0,0.48859158147299336,0.0,True
709,49-3021,0.0,0.1631479601460312,0.0,False
710,49-3022,0.0,0.058484877354439344,0.0,False
711,49-3023,0.0,0.2665296587497941,0.0,False
712,49-3031,0.0,0.1871886778294828,0.0,False
713,49-3041,0.0,0.2660711681836239,0.0,False
714,49-3042,0.0,0.32880374839911014,0.0,False
715,49-3043,0.0,0.13477281832745208,0.0,False
716,49-3051,0.0,0.22300297040253633,0.0,False
717,49-3052,1.0,0.21904899144509224,0.0,False
718,49-3053,1.0,0.19866089535462764,0.0,False
719,49-3091,0.0,0.10380608132842419,0.0,False
720,49-3092,0.0,0.16975893753543658,0.0,False
721,49-3093,0.0,0.049573381567002306,0.0,False
722,49-9011,0.0,0.08933248326119729,0.0,False
723,49-9012,0.0,0.28335656042976975,0.0,False
724,49-9021,0.0,0.23578467651079144,0.0,False
725,49-9031,0.0,0.16382600479735926,0.0,False
726,49-9041,1.0,0.3676236221898365,0.0,False
727,49-9043,0.0,0.2198684174882421,0.0,False
728,49-9044,0.0,0.1641262060971827,0.0,False
729,49-9045,0.0,0.11898604458844644,0.0,False
730,49-9051,0.0,0.198817876106765,0.0,False
731,49-9052,0.0,0.12670192229235983,0.0,False
732,49-9061,0.0,0.3139200923969482,0.0,False
733,49-9062,0.0,0.4813930626005957,0.0,True
734,49-9063,1.0,0.13655230755881362,0.0,False
735,49-9064,0.0,0.12225888235759541,0.0,False
736,49-9071,0.0,0.18303071860802558,0.0,False
737,49-9081,1.0,0.38852198681242905,0.0,False
738,49-9091,0.0,0.14713554536215911,0.0,False
739,49-9092,0.0,0.27276352071765686,0.0,False
740,49-9093,0.0,0.044204781821679674,0.0,False
741,49-9094,0.0,0.058307893037939915,0.0,False
742,49-9095,0.0,0.06510080709763584,0.0,False
743,49-9096,1.0,0.0760877552649033,0.0,False
744,49-9097,0.0,0.347773267642119,0.0,False
745,49-9098,1.0,0.15505953260531855,0.0,False
746,49-9099,0.0,0.38802289406239004,0.0,False
747,51-1011,1.0,0.2313720118212092,0.0,False
748,51-2011,0.0,0.27075418005806184,0.0,False
749,51-2021,0.0,0.07938025247095068,0.0,False
750,51-2022,0.0,0.17297599072186406,0.0,False
751,51-2023,0.0,0.2506978932223434,0.0,False
752,51-2031,0.0,0.17363950550123677,0.0,False
753,51-2041,0.0,0.09245580091833903,0.0,False
754,51-2091,0.0,0.13947491199837814,0.0,False
755,51-2092,0.0,0.12014367100264094,0.0,False
756,51-2093,1.0,0.19993648384639698,0.0,False
757,51-3011,0.0,0.07894373333578628,0.0,False
758,51-3021,0.0,0.05884065642076903,0.0,False
759,51-3022,0.0,0.06781085401533646,0.0,False
760,51-3023,0.0,0.036209285660600596,0.0,False
761,51-3091,0.0,0.14149900975972954,0.0,False
762,51-3092,0.0,0.15423995450953762,0.0,False
763,51-3093,0.0,0.09006855242580912,0.0,False
764,51-4011,0.0,0.5225643742819438,0.0,True
765,51-4012,0.0,0.632584152415247,0.0,True
766,51-4021,0.0,0.14761665791163478,0.0,False
767,51-4022,0.0,0.16011269504219797,0.0,False
768,51-4023,0.0,0.18480416772377195,0.0,False
769,51-4031,0.0,0.1662145073710512,0.0,False
770,51-4032,0.0,0.23610161697660412,0.0,False
771,51-4033,0.0,0.1719450429376086,0.0,False
772,51-4034,0.0,0.20245035628484215,0.0,False
773,51-4035,0.0,0.1512084327358754,0.0,False
774,51-4041,0.0,0.2619285234940464,0.0,False
775,51-4051,0.0,0.16273028247517024,0.0,False
776,51-4052,0.0,0.13329695688185011,0.0,False
777,51-4061,0.0,0.32004221493191354,0.0,False
778,51-4062,0.0,0.28605436860014605,0.0,False
779,51-4071,0.0,0.07224459698980923,0.0,False
780,51-4072,0.0,0.16909644183527087,0.0,False
781,51-4081,0.0,0.20683493660638835,0.0,False
782,51-4111,0.0,0.429751850624978,0.0,False
783,51-4121,0.0,0.10875216084237477,0.0,False
784,51-4122,0.0,0.12776528131116932,0.0,False
785,51-4191,0.0,0.23020774085206172,0.0,False
786,51-4192,0.0,0.12999689172161658,0.0,False
787,51-4193,0.0,0.13273960502945012,0.0,False
788,51-4194,0.0,0.16489980292464135,0.0,False
789,51-5111,0.0,0.2577969461208571,0.0,False
790,51-5112,1.0,0.2989825024544966,0.0,False
791,51-5113,0.0,0.12219521741656075,0.0,False
792,51-6011,0.0,0.047621903397657026,0.0,False
793,51-6021,0.0,0.03903712375696909,0.0,False
794,51-6031,0.0,0.0658815112531552,0.0,False
795,51-6041,0.0,0.04763437299733475,0.0,False
796,51-6042,1.0,0.1227260951875363,0.0,False
797,51-6051,0.0,0.04726636203679015,0.0,False
798,51-6052,0.0,0.06455690062433977,0.0,False
799,51-6061,0.0,0.1865538855181747,0.0,False
800,51-6062,0.0,0.14625935662201428,0.0,False
801,51-6063,0.0,0.06423016783698517,0.0,False
802,51-6064,0.0,0.07705218107436716,0.0,False
803,51-6091,0.0,0.14620850259280083,0.0,False
804,51-6092,0.0,0.358784017717692,0.0,False
805,51-6093,0.0,0.09649729670553965,0.0,False
806,51-7011,0.0,0.17204718453984633,0.0,False
807,51-7021,0.0,0.13576279391730384,0.0,False
808,51-7031,0.0,0.21071056977545846,0.0,False
809,51-7032,0.0,0.3093722145039165,0.0,False
810,51-7041,0.0,0.09622238778077592,0.0,False
811,51-7042,0.0,0.16753218630256556,0.0,False
812,51-8011,1.0,0.609260159200905,0.0,True
813,51-8012,1.0,0.35832069496245306,0.0,False
814,51-8013,1.0,0.36442062010127,0.0,False
815,51-8021,1.0,0.38480393908188865,0.0,False
816,51-8031,0.0,0.45133043265177636,0.0,True
817,51-8091,1.0,0.4162224047585017,0.0,False
818,51-8092,0.0,0.3945576971065811,0.0,False
819,51-8093,0.0,0.4203725885432492,0.0,False
820,51-8099,0.0,0.3752412860603266,0.0,False
821,51-9011,0.0,0.2992033189308538,0.0,False
822,51-9012,0.0,0.2595815544051235,0.0,False
823,51-9021,0.0,0.1788464020161246,0.0,False
824,51-9022,0.0,0.12302727173813625,0.0,False
825,51-9023,1.0,0.19464636241274288,0.0,False
826,51-9031,0.0,0.05995156772677077,0.0,False
827,51-9032,0.0,0.14051685918325044,0.0,False
828,51-9041,0.0,0.2105043261488287,0.0,False
829,51-9051,0.0,0.15925154837477676,0.0,False
830,51-9061,0.0,0.19090237077526873,0.0,False
831,51-9071,0.0,0.1197394349937652,0.0,False
832,51-9081,0.0,0.21625971047401943,0.0,False
833,51-9082,1.0,0.37297800798964514,0.0,False
834,51-9083,0.0,0.1761131836082662,0.0,False
835,51-9111,0.0,0.10361910561257373,0.0,False
836,51-9121,0.0,0.19265519969432718,0.0,False
837,51-9122,0.0,0.13956192402793022,0.0,False
838,51-9123,0.0,0.09106351662060745,0.0,False
839,51-9141,0.0,0.26028675444244714,0.0,False
840,51-9151,1.0,0.24802863153596705,0.0,False
841,51-9191,0.0,0.1444832722247226,0.0,False
842,51-9192,0.0,0.11009645322557675,0.0,False
843,51-9193,0.0,0.2488457496679829,0.0,False
844,51-9194,0.0,0.12364194012149644,0.0,False
845,51-9195,0.0,0.12774458055809873,0.0,False
846,51-9196,0.0,0.10338464977193594,0.0,False
847,51-9197,0.0,0.09094381990169981,0.0,False
848,51-9198,0.0,0.07669607866753424,0.0,False
849,51-9199,0.0,0.04070952082460432,0.0,False
850,53-1011,0.0,0.08514521646083534,0.0,False
851,53-1021,0.0,0.059470636827592765,0.0,False
852,53-1031,0.0,0.08493976367660651,0.0,False
853,53-2011,0.0,0.3985368528055103,0.0,False
854,53-2012,0.0,0.19508346019913447,0.0,False
855,53-2021,0.0,0.4870845498758854,0.0,True
856,53-2022,0.0,0.17172692527553526,0.0,False
857,53-2031,0.0,0.0825428645685872,0.0,False
858,53-3011,0.0,0.10555653134678213,0.0,False
859,53-3021,0.0,0.04143531379543382,0.0,False
860,53-3022,0.0,0.07030663413523595,0.0,False
861,53-3031,0.0,0.04126525018287024,0.0,False
862,53-3032,0.0,0.0715082711282249,0.0,False
863,53-3033,0.0,0.04661095432950327,0.0,False
864,53-3041,0.0,0.03842083396442577,0.0,False
865,53-4011,0.0,0.1149065838975035,0.0,False
866,53-4012,0.0,0.12087904875231241,0.0,False
867,53-4013,0.0,0.06860605270777925,0.0,False
868,53-4021,0.0,0.08633547676671444,0.0,False
869,53-4031,1.0,0.19990787677204155,0.0,False
870,53-4041,0.0,0.06840556563361301,0.0,False
871,53-5011,0.0,0.20335451768604304,0.0,False
872,53-5021,0.0,0.21120593708888663,0.0,False
873,53-5022,0.0,0.12805077507386897,0.0,False
874,53-5031,1.0,0.36418873681381886,0.0,False
875,53-6011,0.0,0.06017876967058156,0.0,False
876,53-6021,0.0,0.04472994403106468,0.0,False
877,53-6031,0.0,0.0802428262304459,0.0,False
878,53-6041,1.0,0.3908461113251406,0.0,False
879,53-6051,0.0,0.23049498350328368,0.0,False
880,53-6061,0.0,0.06557062793289711,0.0,False
881,53-7011,0.0,0.12018804558548074,0.0,False
882,53-7021,0.0,0.09404523267334405,0.0,False
883,53-7031,0.0,0.07658000931993698,0.0,False
884,53-7032,0.0,0.11940592088965041,0.0,False
885,53-7033,0.0,0.06536571641514134,0.0,False
886,53-7041,1.0,0.13890593014696004,0.0,False
887,53-7051,0.0,0.046164526815243884,0.0,False
888,53-7061,0.0,0.02953507827106309,0.0,False
889,53-7062,0.0,0.044616750067824354,0.0,False
890,53-7063,0.0,0.07049653735520844,0.0,False
891,53-7064,0.0,0.04038042084134675,0.0,False
892,53-7071,0.0,0.19942220859545468,0.0,False
893,53-7072,0.0,0.23082607088442528,0.0,False
894,53-7073,0.0,0.16181355800546615,0.0,False
895,53-7081,0.0,0.04782938398919328,0.0,False
896,53-7111,0.0,0.0527728641959578,0.0,False
897,53-7121,0.0,0.14696590352829395,0.0,False
